[{"title":"Ps拼图扩展——Tych Pane","date":"2019-01-31T08:31:18.000Z","path":"2019/01/31/ps-Tych-Panel/","text":"简介Tych Panel是Adobe Photoshop的扩展，可自动创建diptychs和triptychs。它使用强大的行/列合成范例支持任意数量的布局。配合超级简单的面板界面，Tych Panel是终极双联，三联和自动化工具。 Tych Panel作为开源软件发布 支持ps版本CC 2014CC 2015CC 2015.5CC 2018CS5-CC 安装 移除Tych Panel ps扩展安装位置%userprofile%\\AppData\\Roaming\\Adobe\\CEP\\extensions复制以上路径到Windows资源管理器，打开安装目录删除Tych Panel文件夹即可。 Demo 总结 Tych Panel虽然没有其它拼图工具那么强大，但是日常使用足够。 插件界面是英文楼主把界面翻译了一下，翻译不正确的还请见谅。 下载 官方网站https://www.lumens.se/tychpanel/ GitHub https://github.com/reimund/Tych-Panel 蓝奏云 https://www.lanzous.com/b578000/ 密码:1lb6"},{"title":"不用Root&拔卡使用Tik Tok(抖音国际版)","date":"2019-01-24T12:05:36.000Z","path":"2019/01/24/tik-tok/","text":"准备 VXposed作者未知 应用变量https://github.com/kingsollyu/AppEnv-Kotlin/releases tik tokhttps://www.tiktok.com/ 所有软件打包下载https://www.lanzous.com/b572462/ 密码:f4je 其中Tik Tok 可以自行到play商店或其它市场下载最新版据我了解好像有两个版本的一个界面是白色的另一个是黑色的经过我的测试两个好像都可以。 操作步骤 把上面安装包准备好放到手机里。 安装VirtualXposed 打开VirtualXposed点击加号 滑动到外置存储页选中应用变量和tik tok进行安装(约需要1~2分钟)。 在VirtualXposed桌面界面向上滑打开Xplosed——&gt;点击左上角的菜单——&gt;点击模块——&gt;勾选应用变量——&gt;退出Xplosed——&gt;点击VirtualXposed桌面上的齿轮按钮打开设置界面点击重启。 在VirtualXposed桌面向上滑打开环境变量点击tik tok项——&gt;点击右下角的红色加号选择全部随机——&gt;修改SIM国家代码为en这里除了这一项外其它可以自行修改测试,点击红色加号选择保存配置，回到VirtualXposed桌面打开tik tok即可正常使用。 使用技巧 长按tik tok可以把图标直接添加到真实的桌面就不用手动启动VirtualXposed了(需要桌面创建快捷方式权限)。 如果发现tik tok配置的应用变量数据丢失，这种现象是配置文件被当作垃圾清理了，可以到手机安全中心垃圾清理中把应用数据这个文件夹添加到白名单里。 效果预览 https://v.qq.com/x/page/i0832lm7m4h.html 测试环境 类型 参数 手机型号 红米note5 Android 8.1.0 UI miui10.9.17(开发板) 问题解答问：视频能看但是不保存关注的作者和点赞的视频？答：如果你也出现此现象那么可以开启魔法上网解决。 问：如何联系我？答：可以发邮件到Vmiku52@outlook.com或者发送B站私信，不一定第一时间回复你但是看到后会回复的。 最后感谢一个不知名的用户的打赏。 iframe{ height: 600px; }"},{"title":"「日常」Chrome浏览器","date":"2018-10-14T07:38:27.635Z","path":"2018/10/14/chrome/","text":"前言 Chrome浏览器是Google公司推出的一款基于开源项目开发的免费浏览器。相信的大家也听说过谷歌浏览器，那么Chrome为啥会怎么受欢迎，答Chrome不仅可以浏览网页它的强大之处，在于支持安装各种扩展插件让你的浏览器功能更丰富。 今天我给大家介绍我平时在使用的几个插件。 插件网页广告屏蔽 软件名：AdBlock 提供方：www.getadblock.com 官方介绍：最受欢迎的 Chrome 扩展，拥有超过 6000 万用户！拦截网页上的广告。 商店地址：https://chrome.google.com/webstore/detail/adblock/gighmmpiobklfepjocnamgkkbiglidom 预览图： 新建标签页 软件名：Infinity 新标签页 提供方：https://www.infinitynewtab.com 官方介绍：百万用户选择的新标签页，自由添加网站图标，云端高清壁纸，快速访问书签、天气、笔记、待办事项、扩展管理与历史记录。 商店地址：https://chrome.google.com/webstore/detail/infinity-new-tabproductiv/dbfmnekepjoapopniengjbcpnbljalfg 预览图： 下载管理器 软件名：Chrono下载管理器 提供方：www.chronodownloader.net] 官方介绍：做Chrome浏览器中最好的下载管理器 商店地址：https://chrome.google.com/webstore/detail/chrono-download-manager/mciiogijehkdemklbdcbfkefimifhecn 推荐理由：可以嗅探网页上的图片或视频。 预览图： 听歌识曲 软件名：AHA Music - Music Identifier 提供方：https://www.aha-music.com 商店地址：https://chrome.google.com/webstore/detail/aha-music-music-identifie/dpacanjfikmhoddligfbehkpomnbgblf 注意事项：本软件是英文界面，只能从浏览器内使用不可以识别外部的声音。 预览图： 翻译 软件名：Google 翻译 提供方：https://translate.google.com/ 官方介绍：浏览网页时可轻松查看翻译版本。由Google翻译小组提供。 商店地址：https://chrome.google.com/webstore/detail/google-translate/aapbdbdomjkkjkaonfhkkikfgjllcleb 注意事项：不用科学上网就可以使用 预览图： 扩展插件管理器 软件名：插件管理器(Extension Manager) 提供方：instasavecc 官方介绍：一键管理所有Chrome插件或扩展程序，一键开启/禁用插件。 商店地址：https://chrome.google.com/webstore/detail/%E6%8F%92%E4%BB%B6%E7%AE%A1%E7%90%86%E5%99%A8extension-manager/lmbaaefliljjgphbcgjjmioechaidhil 预览图： 网页截图 软件名：Nimbus 截幕 &amp; 屏幕录像机 提供方：nimbusweb.me 官方介绍：全屏幕捕获网页或任何部分。编辑的截图。记录的视频记录的视频从您的屏幕 商店地址：https://chrome.google.com/webstore/detail/nimbus-screenshot-screen/bpconcjcammlapcogcnnelfmaeghhagj 推荐理由：可以截取网页图片和录制网页外还能录制桌面。 预览图： md文件预览 软件名：Markdown Viewer 提供方：https://simov.github.io 商店地址：https://chrome.google.com/webstore/detail/markdown-viewer/ckkdlimhmcjmikdlpkmbgfkaikojcbjk 注意事项：md是markdown标记标记语言文件扩展名深受写作人员的喜爱因为它可以节省你对文章的排版时间，本文章就是用此语言编写，有对md感兴趣的可以自己搜索文档进行学习。 预览图： 网页脚本 软件名：暴力猴 提供方：gera2ld 官方介绍：为浏览器提供用户脚本支持。 商店地址：https://chrome.google.com/webstore/detail/violentmonkey/jinjaccalgkegednnccohejagnlnfdag 预览图： 二维码扫描 软件名：草料二维码 提供方：https://cli.im/ 官方介绍：点击生成当前网址二维码，草料二维码插件，实现快速获取二维码 商店地址：https://chrome.google.com/webstore/detail/%E8%8D%89%E6%96%99%E4%BA%8C%E7%BB%B4%E7%A0%81/moombeodfomdpjnpocobemoiaemednkg 预览图： 鼠标手势 软件名：CLEAN crxMouse Gestures 提供方：Jeffrey 官方介绍：干净版！ 原名:Gestures for Chrome(TM)汉化版.方便,快捷,充分发掘鼠标的所有操作.功能包括:鼠标手势,超级拖曳,滚轮手势,摇杆手势,平滑滚动,标签页列表等. 商店地址：https://chrome.google.com/webstore/detail/clean-crxmouse-gestures/mjidkpedjlfnanainpdfnedkdlacidla 推荐理由：支持自定义手势和超级拖曳等手势 注意事项：更改超级拖曳的搜索引擎后不要忘记点击保存。 预览图： 插件安装方法1.2. 插件离线打包分享下载后自己修改扩展名为crx https://www.lanzous.com/b408331/ 密码:be99"},{"title":"OBS简单入门","date":"2018-07-30T09:05:24.000Z","path":"2018/07/30/OBS/","text":"录制屏幕录制整个屏幕 运行OBS右击——&gt;添加【添加场景】 添加源右击——&gt;添加——&gt;选则【显示器获取】 点击【预览串流】，看能否获取到屏幕如果可以点击【开始录制视频】，录制的视频默认保存在C:\\用户\\当前用户\\视频文件夹下\\ 录制指定区域 右击添加——&gt;选择【显示器获取】——&gt;「区域」——&gt;勾选区域——&gt;选择区域——&gt;拖动到要录制的区域并调节到适合的大小调节好后按回车——&gt;确认，把整个屏幕项去掉勾选，预览一下串流确认能看到画面后开始录制。 精确控制选择指定区域，在区域菜单项中可以更改一下参数实现精确控制大小和位置。 录制某个窗口其它源先去掉勾选——&gt;右击添加——&gt;获取窗口——&gt;从窗口下拉列表项中找到要获取的窗口名——&gt;确认——&gt;【预览串流】可以看到图像后开始录制即可。 注意 获取窗口不适应于所有窗口 当被获取的窗口最小化后是无法获取到画面的 录制视频参数配置存储路径&amp;视频格式 设定——&gt;设定——&gt;广播设定——&gt;档案路径——&gt;浏览（新的存储路径）——&gt;保存类型两种格式可选（默认flv/mp4）——&gt;文件名[$T]是一个参数表示文件名按时间来命名,其它这种参数如下图——&gt;选择——&gt;确认。 视频帧数配置/FPS 设定——&gt;设定——&gt;影像——&gt;FPS（取值范围1~60）——&gt;确定。 快捷键的使用打开设定面板【快捷键】项，我们可以从这里设置开始录制和暂停录制的热键。 共享资源最后分享一下我正在使用的OBS官方绿色版内置一些常用插件64bit 获取OBS64bit"},{"title":"Windows引导kali Linux实现双系统（U盘安装）","date":"2018-07-27T16:00:00.000Z","path":"2018/07/28/kali-linux/","text":"先看我 安装前建议看一下图文教程,up主也看了此教程才出的视频。 适用于传统的BIOS引导MBR分区表，不支持UEFI引导GPT分区表。注意： 想安装Linux你必须能够熟练安装windows各版本，如果不能那么就不要折腾了，免得到时候电脑GG了。装机有风险，请备份好你的数据。 教程更正内容安装kali前Windows下操作 桌面——&gt;右击此电脑——&gt;属性——&gt;高级系统设置——&gt;高级——启动和故障恢复——&gt;设置 按图中所示操作，完成确认。 工具 8gb U盘（自行购买） kali linux镜像 https://www.kali.org/downloads/ Universal USB Installer（linux镜像刻录U盘工具） https://universal-usb-installer.en.softonic.com/ 分区助手（选择性下载） https://www.disktool.cn/ 分区神器（DiskGenius） https://www.diskgenius.cn/ 引导工具（EasyBCD） https://neosmart.net/EasyBCD/ 视频详情 图文教程引用 https://blog.sina.com.cn/s/blog_8c8d4e710102wggl.html图文教程内容更正 不要使用软碟通制作，无法启动 引导写入最后高级设置驱动器设置里先设置为boot看能否启动如果不能可以设置为c\\ 卸载方法直接用分区神器删除Linux分区，重新分区可以格式为其它分区格式然后用引导工具删除Linux引导 BGM BGM引用 与你最后的夏天 https://music.163.com/#/m/song?id=315061&amp;userid=446083135 なんでもないや 没什么大不了的（Cover：Radwimps） https://music.163.com/#/m/song?id=450795499&amp;userid=446083135"}]